{ 
    "leftMenuData" : [
    {
      "title": "SIDEMENU.DASHBOARD_TITLE",
      "url": "SIDEMENU.DASHBOARD_ROUTE",
      "icon": "home"
    },
    {
      "title": "SIDEMENU.PROFILE_TITLE",
      "url": "SIDEMENU.PROFILE_ROUTE",
      "icon": "person"
    },
    {
      "title": "SIDEMENU.REFER_TITLE",
      "url": "SIDEMENU.REFER_ROUTE",
      "icon": "link"
    },
    {
      "title": "SIDEMENU.CHANGE_PASSWORD_TITLE",
      "url": "SIDEMENU.CHANGE_PASSWORD_ROUTE",
      "icon": "lock"
    },
    {
      "title": "SIDEMENU.FEEDBACK_TITLE",
      "url": "SIDEMENU.FEEDBACK_ROUTE",
      "icon": "chatbubbles"
    },
    {
      "title": "SIDEMENU.CALL_US",
      "url": "SIDEMENU.DASHBOARD_ROUTE",
      "icon": "call"
    },
    {
      "title": "SIDEMENU.EMAIL_US",
      "url": "SIDEMENU.DASHBOARD_ROUTE",
      "icon": "mail"
    },
    {
      "title": "SIDEMENU.TERMS_TITLE",
      "url": "SIDEMENU.DASHBOARD_ROUTE",
      "icon": "lock"
    },
    {
      "title": "SIDEMENU.PRIVACY_POLICY",
      "url": "SIDEMENU.DASHBOARD_ROUTE",
      "icon": "lock"
    },
    {
      "title": "SIDEMENU.LANGUAGE_TITLE",
      "url": "SIDEMENU.LANGUAGE_ROUTE",
      "icon": "mic"
    },
    {
      "title": "SIDEMENU.LOGOUT_TITLE",
      "url": "SIDEMENU.LOGIN_ROUTE",
      "icon": "log-out"
    }
  ],

  "rightMenuData": [
    {
      "title": "Dashboard",
      "url": "/dashboard",
      "icon": "dashboard"
    },
    {
      "title": "Add PO",
      "url": "/dashboard",
      "icon": "dashboard"
    },
    {
      "title": "View PO",
      "url": "/dashboard",
      "icon": "dashboard"
    },
    {
      "title": "Draft PO",
      "url": "/dashboard",
      "icon": "dashboard"
    },
    {
      "title": "Add distributor",
      "url": "add-distributor",
      "icon": "dashboard"
    },
    {
      "title": "Scheme",
      "url": "schemes",
      "icon": "dashboard"
    },
    {
      "title": "Product search",
      "url": "product-search",
      "icon": "dashboard"
    },
    {
      "title": "Payments",
      "url": "payments",
      "icon": "dashboard"
    },
    {
      "title": "Add Credit note",
      "url": "/dashboard",
      "icon": "dashboard"
    },
    {
      "title": "View Credit  note",
      "url": "/dashboard",
      "icon": "dashboard"
    },
    {
      "title": "Pharma mall",
      "url": "/dashboard",
      "icon": "dashboard"
    },
    {
      "title": "Delivery tracker",
      "url": "/dashboard",
      "icon": "dashboard"
    },
    {
      "title": "View invoice",
      "url": "/dashboard",
      "icon": "dashboard"
    }
  ]
}