{
  "data": {
    "Order#1561453855577": {
      "store": "Demo Store 1",
      "productList": [
        {
          "name": "Corex",
          "id": "1",
          "quantity": 200
        }
      ],
      "total": 800,
      "deliveryMode": "Deliver to Store",
      "priority": "Normal",
      "remarks": ""
    }
  },
  "deliveryModeList": [
    { "name": "Pickup from Counter" },
    { "name": "Delivery to Store" }
  ],
  "deliveryPriorityList": [
    { "name": "Low" },
    { "name": "Normal" },
    { "name": "High" }
  ]
}
